{
    "random_forest": {
        "best_params": {
            "max_depth": null,
            "min_samples_split": 2,
            "n_estimators": 100
        },
        "best_cv_score_r2": 0.6659836547358354,
        "test_metrics": {
            "MAE": 80443.80284562183,
            "RMSE": 209217.09483588982,
            "R2": 0.6998356403590658,
            "MAPE": 20.510007560675454
        }
    },
    "xgboost": {
        "best_params": {
            "learning_rate": 0.1,
            "max_depth": 5,
            "n_estimators": 200
        },
        "best_cv_score_r2": 0.6563509010441467,
        "test_metrics": {
            "MAE": 82924.87301359764,
            "RMSE": 216462.05041035096,
            "R2": 0.6786869786352099,
            "MAPE": 20.409212201074816
        }
    }
}